{"cameraMode":{"drawMode":0,"name":"Shaded","section":"Shading Mode"},"sceneLighting":false,"audioPlay":false,"sceneViewState":{"showFog":false,"showMaterialUpdate":false,"showSkybox":false,"showFlares":false,"showImageEffects":false,"showParticleSystems":false},"in2DMode":false,"pivot":{"x":17.25983428955078,"y":-0.04420661926269531,"z":4.048105239868164},"rotation":{"x":0.637683093547821,"y":0.008082829415798188,"z":-0.006702381651848555,"w":0.7702750563621521},"size":75.19425201416016,"orthographic":true}