{"cameraMode":{"drawMode":0,"name":"Shaded","section":"Shading Mode"},"sceneLighting":false,"audioPlay":false,"sceneViewState":{"showFog":false,"showMaterialUpdate":false,"showSkybox":false,"showFlares":false,"showImageEffects":false,"showParticleSystems":false},"in2DMode":false,"pivot":{"x":1.8569869995117188,"y":0.7629566192626953,"z":1.451894760131836},"rotation":{"x":0.10927200317382813,"y":0.01639990508556366,"z":-0.001815917668864131,"w":0.9939119815826416},"size":41.1351432800293,"orthographic":true}