{"cameraMode":{"drawMode":0,"name":"Shaded","section":"Shading Mode"},"sceneLighting":false,"audioPlay":false,"sceneViewState":{"showFog":false,"showMaterialUpdate":false,"showSkybox":false,"showFlares":false,"showImageEffects":false,"showParticleSystems":false},"in2DMode":false,"pivot":{"x":39.48223114013672,"y":-7.651105880737305,"z":23.560781478881837},"rotation":{"x":0.42944639921188357,"y":0.021663745865225793,"z":-0.010326284915208817,"w":0.9028102159500122},"size":61.924617767333987,"orthographic":true}